1	ئائىلە	ئىللىق
1	ئائىلە	بۇنداق
1	ئائىلە	تېگىشلىك
1	ئائىلە	كىچىك
1	ئائىلە	كۆپ
1	ئائىلە	كۈچلۈك
1	ئائىلە	مەخسۇس
1	ئائىلە	پۈتۈن
1	ئائىلە	چوڭ
1	ئابىدە	ئەدەبىي
1	ئابىدە	چوڭ
2	ئات	بۇرۇنقى
1	ئاتا	يوق
1	ئاتا	چوڭ
1	ئاتالغۇ	مۇناسىۋەتلىك
1	ئاتالغۇ	مەخسۇس
2	ئاجىز	كۆپ
3	ئادا	تولۇق
5	ئادا	داۋاملىق
1	ئادەم	ئازراق
1	ئادەم	ئىجتىمائىي
1	ئادەم	ئەستايىدىل
1	ئادەم	ئەقىللىق
1	ئادەم	بارلىق
1	ئادەم	بۇنداق
1	ئادەم	توق
1	ئادەم	داڭلىق
1	ئادەم	داۋاملىق
1	ئادەم	دەرىجىلىك
1	ئادەم	ساق
1	ئادەم	كىچىك
7	ئادەم	كۆپ
1	ئادەم	كۈچلۈك
1	ئادەم	مۇستەقىل
2	ئادەم	مۇكەممەل
3	ئادەم	مۇھىم
1	ئادەم	مۇۋاپىق
3	ئادەم	مەخسۇس
1	ئادەم	مەلۇم
1	ئادەم	ياراملىق
1	ئادەم	ياۋاش,سەمىمىي
1	ئادەم	يوق
1	ئارال	كىچىك
1	ئارال	يېرىم
2	ئارال	چوڭ
1	ئارتۇق	تىنچ
1	ئارزۇ	ئورتاق
1	ئارزۇ	سەمىمىي
3	ئارزۇ	قاتتىق
2	ئارزۇ	گۈزەل
1	ئارغامچا	كېرەكلىك
1	ئارقا	ئىجتىمائىي
1	ئارقا	بۇرۇنقى
1	ئارقا	دەرىجىلىك
1	ئارقا	كۈچلۈك
1	ئارقا	مەدەنىي
1	ئارقا	پايدىلىق
1	ئارقىدا	كۆپ
7	ئارمىيە	قىزىل
1	ئارمىيە	پۈتۈن
4	ئاساس	بەلگىلىك
2	ئاساس	كۈچلۈك
1	ئاساس	مۇتلەق
1	ئاساس	مۇناسىۋەتلىك
1	ئاساس	مۇھىم
6	ئاساس	پۇختا
1	ئاسمان	ئۇششاق
1	ئاسمان	بارلىق
2	ئاسمان	كىچىك
1	ئاغرىق	بارلىق
1	ئالاقە	ئىقتىسادىي
1	ئالاقە	ئۇزاق
1	ئالاھىدىلىك	بەدىئىي
1	ئالاھىدىلىك	قويۇق
1	ئالتۇن	تىنچ
2	ئالتۇن	كۆپ
2	ئالتۇن	چوڭ
2	ئالغا	داۋاملىق
1	ئالما	داۋاملىق
3	ئالىم	داڭلىق
3	ئالىم	كۈچلۈك
1	ئالىم	مەشھۇر
1	ئالىم	چوڭ
1	ئالەم	قېتىملىق
1	ئالەم	پۈتۈن
1	ئالەم	چوڭ
1	ئامال	بارلىق
1	ئامال	يوق
1	ئامىل	ئىقتىسادىي
1	ئامىل	مۇھىم
1	ئامەت	قىممەتلىك
4	ئانا	مۇقەددەس
1	ئانا	مەكتەپ
1	ئاي	قىزىل
4	ئاي	يېرىم
1	ئاي	چوڭ
1	ئاي	چىرايلىق
1	ئاياق	ئېغىر
1	ئايال	بۇزۇق
2	ئايال	داڭلىق
2	ئايال	رەھمەتلىك
1	ئايال	كۈچلۈك
1	ئايال	مۇقەددەس
1	ئايال	مۇناسىۋەتلىك
2	ئايال	يوق
1	ئايال	پاك
1	ئايال	پاكىز
2	ئايال	چوڭ
1	ئايال	گۈزەل
3	ئاپتوموبىل	مەخسۇس
1	ئاپپارات	تەشكىلىي
1	ئاپپارات	مەخسۇس
2	ئاپەت	ئېغىر
2	ئاپەت	تەبىئىي
1	ئاڭ	ئىجتىمائىي
1	ئاڭ	مۇستەقىل
1	ئاڭ	يېڭى
2	ئاھالە	پۈتۈن
1	ئاۋاز	ئېنىق,يېقىملىق
1	ئاۋاز	قاتتىق
1	ئاۋاز	يېقىملىق
1	ئاۋاز	چوڭ
1	ئاۋاز	ھەيۋەتلىك
1	ئاۋام	ساددا
1	ئاۋام	قېتىملىق
1	ئوبراز	ئەدەبىي
1	ئوبراز	بەدىئىي
1	ئوت	بارلىق
1	ئوت	مۇقەددەس
1	ئوت	گۈزەل
26	ئوتتۇرا	تولۇق
2	ئوتتۇرا	داۋاملىق
1	ئوتتۇرا	شەھەرلىك
1	ئوتتۇرا	قېتىملىق
1	ئوتتۇرا	كۆركەم
2	ئوتتۇرا	پۈتكۈل
5	ئوتتۇرا	پۈتۈن
2	ئورمان	چوڭ
2	ئورۇن	ئىجتىمائىي
7	ئورۇن	بوش
1	ئورۇن	بەلگىلىك
1	ئورۇن	تېگىشلىك
1	ئورۇن	دەرىجىلىك
1	ئورۇن	رەسمىي
1	ئورۇن	سالماق
1	ئورۇن	شەھەرلىك
1	ئورۇن	كۆپ
1	ئورۇن	مۇناسىۋەتلىك
2	ئورۇن	مۇھىم
2	ئورۇن	مەخسۇس
1	ئورۇن	ھۆرمەتلىك
1	ئورۇندۇق	مەخسۇس
2	ئوزۇق	روھىي
1	ئوزۇقلۇق	كېرەكلىك
1	ئوزۇقلۇق	يېشىل
1	ئوغرى	يوق
1	ئوغۇل	كىچىك
2	ئوغۇل	چوڭ
2	ئوقۇتقۇچى	مۇنەۋۋەر
1	ئوقۇش	بۇرۇنقى
1	ئوقۇش	تولۇق
2	ئوقۇش	مەكتەپ
1	ئوقۇغۇچى	ئىلغار
1	ئوقۇغۇچى	كۆپ
2	ئومۇمىي	قېتىملىق
3	ئومۇمىي	پايدىلىق
2	ئويمانلىق	چوڭ
1	ئويۇن	كۈچلۈك
1	ئوۋ	كىچىك
1	ئوۋ	مۇستەقىل
1	ئىئانە	ئىجتىمائىي
18	ئىجادىيەت	ئەدەبىي
1	ئىجادىيەت	بارلىق
4	ئىجادىيەت	بەدىئىي
1	ئىجادىيەت	خاس
1	ئىجادىيەت	داۋاملىق
2	ئىجادىيەت	دەرىجىلىك
1	ئىجارە	ئەسلىي
2	ئىدارە	دەرىجىلىك
1	ئىدارە	مۇئاۋىن
1	ئىدىيە	ئېنىق
1	ئىدىيە	مەلۇم
1	ئىرادە	قاتتىق
1	ئىرادە	كۈچلۈك
2	ئىز	لايىق
1	ئىز	مۇستەقىل
2	ئىستەك	سەمىمىي
1	ئىسىم	خاس
1	ئىش	ئىجتىمائىي
1	ئىش	ئېنىق
1	ئىش	ئەمەلىي
1	ئىش	توغرا
3	ئىش	تېگىشلىك
1	ئىش	تەسىرلىك
1	ئىش	جىددىي
1	ئىش	رەسمىي
1	ئىش	كىچىك
2	ئىش	كۆپ
3	ئىش	مۇستەقىل
1	ئىش	مۇناسىۋەتلىك
2	ئىش	مۇھىم
3	ئىش	مۇۋاپىق
1	ئىش	نورمال
1	ئىش	يوق
3	ئىش	چوڭ
2	ئىشتىياق	كۈچلۈك
1	ئىشتىياق	يوق
1	ئىشخانا	مۇئاۋىن
1	ئىشخانا	چوڭ
1	ئىشىك	ئىشەنچلىك
1	ئىشىك	يوق
1	ئىشەنچ	تولۇق
1	ئىشەنچ	كۈچلۈك
4	ئىلمىي	دەرىجىلىك
1	ئىلمىي	قاتتىق
3	ئىلمىي	قېتىملىق
1	ئىلمىي	كۆپ
1	ئىلمىي	مۇھىم
1	ئىلمىي	مەخسۇس
1	ئىلمىي	پۈتۈن
2	ئىلمىي	چوڭ
1	ئىلىم	ئۇزاق
1	ئىلىم	جاپالىق
3	ئىلىم	مۇستەقىل
1	ئىلىم	مەخسۇس
1	ئىلىم	مەشھۇر
1	ئىلىم	مەلۇم
1	ئىلىم	پۈتكۈل
1	ئىلىم	پەننىي
1	ئىلگىرى	ئۇزاق
2	ئىلگىرى	كۈچلۈك
1	ئىلگىرى	مۇستەقىل
1	ئىلگىرى	يوق
1	ئىنسان	بارلىق
2	ئىنسان	تولۇق
1	ئىنسان	دەرىجىلىك
1	ئىنسان	سېرىق
1	ئىنسان	مۇستەقىل
1	ئىنسان	يېڭى
1	ئىنسان	پۈتۈن
1	ئىنسان	گۈزەل
1	ئىنسانلىق	مۇستەقىل
2	ئىنسانىيەت	بارلىق
1	ئىنسانىيەت	پاكىز
2	ئىنسانىيەت	پۈتۈن
2	ئىنكاس	يۇمشاق
1	ئىگىلىك	بارلىق
1	ئىگىلىك	داڭلىق
1	ئىگە	ئىجتىمائىي
3	ئىگە	ئۇزاق
1	ئىگە	بەلگىلىك
2	ئىگە	تەبىئىي
2	ئىگە	جانلىق
1	ئىگە	قىزىقارلىق
1	ئىگە	لايىق
1	ئىگە	مۇستەقىل
1	ئىگە	مۇھىم
1	ئۆتكۈر	ئىخچام
1	ئۆتكۈر	سۈزۈك
1	ئۆستەڭ	چوڭ
1	ئۆسۈملۈك	ئورتاق
1	ئۆسۈملۈك	مۇھىم
1	ئۆسۈملۈك	پۈتۈن
2	ئۆسۈملۈك	چوڭ
1	ئۆلكە	رەسمىي
1	ئۆلكە	مۇئاۋىن
1	ئۆلكە	پۈتۈن
1	ئۆلكە	چوڭ
4	ئۆلۈم	ئېغىر
2	ئۆمۈر	ئۇزاق
3	ئۆمۈر	ئۇزۇن
1	ئۆي	تەدرىجىي
1	ئۆي	داۋاملىق
2	ئۆي	كىچىك
1	ئۆي	مەخسۇس
1	ئۆي	چىرايلىق
1	ئۆچ	قاتتىق
1	ئۆگىنىش	جاپالىق
1	ئۆگىنىش	مەلۇم
1	ئۇرۇش	جىددىي
1	ئۇرۇش	داۋاملىق
3	ئۇرۇش	سوغۇق
1	ئۇرۇش	قېتىملىق
3	ئۇرۇش	كۆپ
4	ئۇرۇش	چوڭ
1	ئۇرۇقداشلىق	ئاتىلىق
1	ئۇزاققىچە	مەلۇم
1	ئۇسسۇل	قايناق
2	ئۇسسۇل	كۈلكىلىك
2	ئۇسۇل	ئوخشاش
1	ئۇسۇل	ئىپتىدائىي
1	ئۇسۇل	مۇۋاپىق
1	ئۇسۇل	مەكتەپ
1	ئۇسۇل	پايدىلىق
1	ئۇل	كۈچلۈك
1	ئۇل	پۈتكۈل
2	ئۇلۇغ	بارلىق
1	ئۇلۇغ	گۈزەل
1	ئۇلۇغلۇق	پۈتۈن
6	ئۇن	ئازراق
4	ئۇن	قۇرۇق
2	ئۇن	مۇۋاپىق
1	ئۇنىۋېرسال	ئىقتىسادىي
1	ئۇنىۋېرسىتېت	چوڭ
1	ئۇيغۇر	بارلىق
1	ئۇيغۇر	بۇرۇنقى
1	ئۇيغۇر	داڭلىق
1	ئۇيغۇر	داۋاملىق
1	ئۇيغۇر	رەسمىي
1	ئۇيغۇر	شانلىق
1	ئۇيغۇر	قىزىل
1	ئۇيغۇر	قېتىملىق
2	ئۇيغۇر	كىچىك
1	ئۇيغۇر	كۆرۈنەرلىك
4	ئۇيغۇر	كۆپ
1	ئۇيغۇر	مەشھۇر
1	ئۇيغۇر	مەلۇم
2	ئۇيغۇر	پاراسەتلىك
1	ئۇيغۇر	پاك
1	ئۇيغۇر	پۈتكۈل
15	ئۇيغۇر	پۈتۈن
1	ئۇيغۇر	چوڭ
1	ئۇيغۇر	گۈزەل
1	ئۇچۇر	بارلىق
1	ئۇچۇر	دەرىجىلىك
1	ئۇچۇر	مۇناسىۋەتلىك
3	ئۇچۇر	مەخسۇس
1	ئۇچۇر	چوڭ
1	ئۈزۈم	قىزىل
3	ئۈزۈم	قۇرۇق
1	ئۈمىد	جانلىق
4	ئۈمىد	سەمىمىي
2	ئۈمىد	كىچىككىنە
1	ئۈمىد	لايىق
1	ئۈنۈم	ئىقتىسادىي
1	ئۈنۈم	كۆرۈنەرلىك
1	ئۈچىنچى	بۇرۇنقى
3	ئېتىبار	مۇۋاپىق
2	ئېتىقاد	كۈچلۈك
1	ئېسىل	چىرايلىق
1	ئېغىرلىق	پۈتۈن
2	ئېغىز	ئەدەبىي
1	ئېغىز	كىچىككىنە
1	ئېقىن	كىچىك
1	ئېقىن	يوق
1	ئېلان	رەسمىي
1	ئېنىقلىق	مەلۇم
1	ئېھتىيات	قاتتىق
1	ئەتراپ	پۈتۈن
1	ئەترەت	قوراللىق
1	ئەترەت	پۈتۈن
1	ئەجىر	جاپالىق
3	ئەجىر	كۆپ
2	ئەخلاق	ئىجتىمائىي
2	ئەخلاق	روھىي
1	ئەخلاق	قېتىملىق
4	ئەخلاق	گۈزەل
1	ئەخمەقلىق	چوڭ
1	ئەدەبىيات	ئەدەبىي
2	ئەدەبىيات	بەدىئىي
1	ئەدەبىيات	شەھەرلىك
3	ئەدەبىيات	مەخسۇس
1	ئەدەبىيات	گۈزەل
1	ئەر	كۆپ
1	ئەر	چوڭ
4	ئەركەك	چوڭ
1	ئەزا	شەرەپلىك
1	ئەس	تولۇق
1	ئەسىر	تىرىك
1	ئەسىر	يېرىم
1	ئەسەر	داڭلىق
1	ئەسەر	كۆپ
1	ئەسەر	مەخسۇس
1	ئەسەر	مەشھۇر
2	ئەسەر	پۈتۈن
1	ئەسەر	گىياھسىز
1	ئەقىدە	بۇزۇق
3	ئەقىل	بارلىق
1	ئەقىل	كۆپ
1	ئەقىل	پۈتۈن
1	ئەكس	تولۇق
1	ئەكس	تەسىرلىك
1	ئەكس	ساناقسىز
1	ئەكس	سىرلىق
1	ئەل	ئەنئەنىۋى
1	ئەل	يوق
2	ئەل	پۈتكۈل
3	ئەل	پۈتۈن
1	ئەمدى	ساق
1	ئەمدى	يوق
1	ئەمگەك	ئىجادىي
3	ئەمگەك	ئېغىر
1	ئەمگەك	جاپالىق
1	ئەمگەك	كۆرۈنەرلىك
2	ئەمگەك	كۆپ
1	ئەمگەك	مۇۋاپىق
1	ئەمگەك	يوق
1	ئەمگەك	چوڭ,چوڭ
1	ئەمەل	داۋاملىق
1	ئەمەل	سەمىمىي
1	ئەمەل	قاتتىق
3	ئەمەل	چوڭ
1	ئەمەلدار	كىچىك
2	ئەمەلىيەت	ئىجتىمائىي
1	ئەمەلىيەت	ئۇزاق
1	ئەينى	مەكتەپ
1	ئەينەك	ئېلېكترونلۇق
1	ئەينەك	روھىي
1	ئەينەك	پارلاق
1	ئەپۇ	داۋاملىق
1	ئەھمىيەت	كۆپ
2	ئەھۋال	ئوخشاش
1	ئەھۋال	ئەمەلىي
1	ئەھۋال	بۇنداق
1	ئەھۋال	تېگىشلىك
3	ئەھۋال	جىددىي
1	ئەۋج	كۆپ
2	ئەۋلاد	ياراملىق
1	ئەۋلاد	چوڭ
1	باتۇر	يوق
1	بادام	ئىسسىق
1	بارلىق	بۇرۇنقى
1	بارماق	چوڭ
1	بازار	دەرىجىلىك
1	بازار	كىچىك
1	بازار	مۇئاۋىن
1	بازار	يوق
2	بازار	چوڭ
1	باسقۇچ	مۇناسىۋەتلىك
5	باش	ئازراق
1	باش	بۇرۇنقى
4	باش	سابىق
1	باش	قېتىملىق
2	باش	كۆپ
9	باش	مۇئاۋىن
1	باش	مۇھىم
1	باش	مۇۋاپىق
1	باشقۇرغۇچى	قابىلىيەتلىك
1	باشقۇرغۇچى	مۇناسىۋەتلىك
1	باشقۇرغۇچى	مۇۋاپىق
3	باشلىق	چوڭ
1	باغ	پاك
1	باغ	گۈزەل
1	بالا	ئوچۇق
1	بالا	ئىجتىھاتلىق
2	بالا	كىچىك
1	بالا	كۈچلۈك
1	بالا	مۇھىم
1	باي	مۇنبەت
2	باي	مەدەنىيەتلىك
2	باي	چوڭ
1	بايان	ئوچۇق
3	بايان	ئېنىق
1	بايان	تەپسىلىي
1	بايان	مۇكەممەل,جانلىق
1	بايرام	رەسمىي
1	بايرام	چوڭ
1	باھا	ئورتاق
2	باھا	ئەسلىي
1	باھا	قويۇق
1	باھا	مۇستەقىل
2	باھا	مۇناسىۋەتلىك
1	باھا	نورمال
2	بور	قىزىل
1	بوران	قاتتىق
1	بوستانلىق	مۇنبەت
1	بوشلۇق	بارلىق
1	بوشلۇق	چوڭ
1	بوياق	قىزىل
1	بويۇن	قىزىل
1	بىخ	قىزىل
2	بىلىم	ئالىي
1	بىلىم	داڭلىق
2	بىلىم	داۋاملىق
2	بىلىم	كۆپ
1	بىلىم	مول
1	بىلىم	مۇستەقىل,سۈزۈك
2	بۆلۈم	دەرىجىلىك
1	بۇرچ	مۇقەددەس
1	بۇقا	ئورۇق
1	بۇلۇت	رەڭدار
1	بۇلۇت	قويۇق
1	بۇلۇت	پاكىز
1	بۇلۇڭ	مەخسۇس
30	بۇيۇم	زەھەرلىك
1	بېرى	ئۇزۇن
1	بېسىم	داۋاملىق
1	بېسىم	كۈچلۈك
2	بېلىق	كىچىك
2	بېلىق	چوڭ
2	بەت	مەخسۇس
1	بەخت	ئىجتىمائىي
1	بەدەل	ئېغىر
1	بەدەل	تېگىشلىك
1	بەدەل	كۆپ
1	بەدەن	مۇۋاپىق
1	بەدەن	نازۇك
1	تارماق	سول
1	تارماق	مۇستەقىل
1	تارماق	مۇناسىۋەتلىك
1	تارماق	پۈتۈن
1	تارىخ	شەرەپلىك
1	تارىخ	يوق
4	تاش	سېرىق
1	تاش	يېشىل
2	تاغ	بارلىق
5	تاغ	قىزىل
2	تاغ	قۇرۇق
2	تاغ	يېشىل
1	تاغ	پۈتۈن
2	تاغ	چوڭ
4	تاغ	گۈزەل
1	تاغا	كىچىك
1	تاغا	چوڭ
7	تال	ئازراق
1	تال	ئازراق,ئازراق
1	تال	توك
4	تال	مۇۋاپىق
1	تام	مەدەنىيەتلىك
1	تاماق	ئىسسىق
2	تاماق	تەييار
1	تاماق	نورمال
1	تاۋار	ئېھتىياجلىق
1	تاۋار	داڭلىق
1	تاۋار	مۇناسىۋەتلىك
1	تاۋار	مۇھىم
2	تاۋار	يېشىل
1	توختام	ئىقتىسادىي
1	توختام	ئېنىق
1	تور	ئىجتىمائىي
2	تور	بارلىق
1	تور	زەھەرلىك
1	تور	كۈچلۈك
1	تور	مۇناسىۋەتلىك
1	تور	مەلۇم
1	توغرا	داۋاملىق
1	توغرا	رەڭلىك
2	توغرا	مۇكەممەل
1	توغرا	مۇۋاپىق
1	توغرىلىق	دەرىجىلىك
1	توقاي	جاپالىق
3	توي	چوڭ
1	تىل	ئوخشاش
6	تىل	ئەدەبىي
1	تىل	بەدىئىي
5	تىل	تۈركىي
4	تىل	جانلىق
1	تىل	دەرىجىلىك
16	تىل	رەسمىي
1	تىل	قىزىقارلىق
1	تىل	كىچىك
1	تىل	ماتېماتىكىلىق
1	تىل	مۇكەممەل
1	تىل	مەكتەپ
1	تىل	مەلۇم
2	تىل	يېپىشقاق
3	تىل	چوڭ
1	تىل	چىرايلىق
2	تۆمۈر	چوڭ
1	تۆگە	قىزىل
2	تۆگە	پۈتۈن
3	تۆھپە	بەلگىلىك
2	تۆھپە	تېگىشلىك
2	تۆھپە	داۋاملىق
1	تۆھپە	دەرىجىلىك
4	تۆھپە	كۆرۈنەرلىك
2	تۆھپە	مۇھىم
2	تۆھپە	چوڭ
1	تۆۋەن	كۆپ
1	تۆۋەن	يوق
1	تۇخۇم	ئازراق
1	تۇخۇم	ئازراق,مۇۋاپىق
4	تۇخۇم	قويۇق
4	تۇخۇم	مۇۋاپىق
2	تۇخۇم	نېپىز
1	تۇخۇم	چوڭ
4	تۇرمۇش	ئىجتىمائىي
1	تۇرمۇش	ئىقتىسادىي
1	تۇرمۇش	ئېچىنىشلىق
2	تۇرمۇش	ئېھتىياجلىق
1	تۇرمۇش	جانلىق
1	تۇرمۇش	جاپالىق
2	تۇرمۇش	خاتىرجەم
2	تۇرمۇش	روھىي
1	تۇرمۇش	رەڭدار
1	تۇرمۇش	مەلۇم
1	تۇرمۇش	گۈزەل
1	تۇغما	مۇھىم
1	تۇپراق	قىزىل
1	تۇپراق	مۇنبەت,مۇنبەت
1	تۇپراق	پۈتۈن
1	تۈر	مەخسۇس
1	تۈر	چوڭ
1	تۈرتكە	كۈچلۈك
1	تۈرتكە	مەلۇم
1	تۈرك	بارلىق
1	تۈرك	بۇرۇنقى
1	تۈرك	سابىق
1	تۈرك	ساددا
1	تۈرك	يوق
3	تۈرك	پۈتكۈل
7	تۈرك	پۈتۈن
1	تۈرك	چوڭ
1	تۈزۈم	ئىجتىمائىي
1	تۈزۈم	مەخسۇس,تەشكىلىي
1	تۈس	جىددىي
1	تۈس	سىرلىق
1	تۈس	كۆركەم
1	تۈس	مۇقەددەس
1	تۈك	قويۇق
1	تۈلكە	قىزىل
1	تۈۋرۈك	پۇختا
1	تېخنىك	مەخسۇس
1	تېخنىكا	دەرىجىلىك
1	تېخنىكا	كەڭ
3	تېخنىكا	مۇناسىۋەتلىك
1	تېرىقچىلىق	چوڭ
1	تېرىلغۇ	مۇنبەت
1	تېرە	چوڭ
1	تېلېفون	يوللۇق
1	تېلېگراف	شەھەرلىك
2	تېلېۋىزور	رەڭلىك
1	تېلېۋىزور	چوڭ
1	تېمپېراتۇرا	مۇۋاپىق
2	تەبىئەت	ئىپتىدائىي
1	تەبىئەت	گۈزەل
4	تەتقىقات	ئىجتىمائىي
1	تەتقىقات	ئۈنۈملۈك
1	تەتقىقات	ئەستايىدىل
1	تەتقىقات	جاپالىق
1	تەتقىقات	داۋاملىق
9	تەتقىقات	دەرىجىلىك
1	تەتقىقات	كۆپ
2	تەتقىقات	مۇستەقىل
3	تەتقىقات	مۇناسىۋەتلىك
3	تەتقىقات	مۇھىم
4	تەتقىقات	مەخسۇس
1	تەتقىقات	مەدەنىي
1	تەتقىقات	يېڭى
1	تەتقىقات	پەننىي
5	تەتقىقات	چوڭ
3	تەتىل	رەسمىي
1	تەجرىبىخانا	دەرىجىلىك
1	تەجرىبە	ئىجادىي
1	تەجرىبە	مول
1	تەخت	داۋاملىق
3	تەخسە	كىچىك
2	تەخسە	چوڭ
1	تەربىيە	ئىجتىمائىي
1	تەربىيە	روھىي
1	تەربىيە	مەخسۇس
7	تەرەققىيات	ئىجتىمائىي
12	تەرەققىيات	ئىقتىسادىي
1	تەرەققىيات	ئۇزاق
2	تەرەققىيات	تەدرىجىي
1	تەرەققىيات	كۆرۈنەرلىك
1	تەرەققىيات	كۆپ
1	تەرەققىيات	مەخسۇس
1	تەرەققىيات	پۈتكۈل
1	تەرەپ	توغرا
1	تەسىر	ئۇنتۇلغۇسىز
1	تەسىر	ئېغىر
6	تەسىر	بەلگىلىك
1	تەسىر	قاتتىق
1	تەسىر	كۆپ
9	تەسىر	كۈچلۈك
3	تەسىر	چوڭ
1	تەسىرات	ئۇنتۇلغۇسىز
1	تەسەللى	چوڭ
1	تەسەۋۋۇر	ئىجادىي
1	تەسەۋۋۇر	ئىپتىدائىي
1	تەشەببۇس	داۋاملىق
1	تەقدىر	پاجىئەلىك
1	تەلىم	دەرىجىلىك
1	تەمسىل	مۇقەددەس
1	تەن	يېڭى
1	تەنتەربىيە	مەخسۇس
1	تەييارلىق	پۇختا
1	تەپەككۇر	بۇنداق
2	تەپەككۇر	كىچىككىنە
2	تەپەككۇر	مۇستەقىل
2	تەڭ	تىك
1	تەڭ	كۆپ
1	تەڭ	كۈچلۈك
1	تەڭ	مۇستەقىل
1	تەھدىت	ساختا
1	تەھدىت	چوڭ
23	جازا	ئېغىر
1	جازا	دەھشەتلىك
1	جازا	يېنىك
1	جاسارەت	خاس
1	جام	كىچىك
2	جامائەت	دەرىجىلىك
1	جامائەت	شەھەرلىك
1	جامائەت	كۈچلۈك
1	جامائەت	كەڭ
1	جامائەت	مۇئەييەن
2	جامائەت	مۇناسىۋەتلىك
1	جامائەت	مۇھىم
1	جان	تىنچ
2	جان	كۆپ
1	جاي	مول
3	جاي	مۇقەددەس
1	جاي	مەلۇم
1	جايىدا	سوغۇق
2	جاپا	كۆپ
1	جاۋاب	ئازراق
2	جاۋاب	ئېنىق
1	جاۋاب	يوق
1	جاۋاب	پۇختا
1	جىسىم	ئېغىر
1	جىسىم	چوڭ
1	جىيەك	قىزىل
3	جۇڭخۇا	قىزىل
1	جۇڭخۇا	پارلاق
1	جۈرئەت	دەرىجىلىك
1	جۈملە	كىچىك
2	جۈملە	مۇستەقىل
2	جۈملە	مەلۇم
1	جۈملە	پۇختا
1	جۈملە	پۈتۈن
1	جېدەل	قېتىملىق
1	جېدەل	كۆپ
1	جەمئىيەت	ئىپتىدائىي
1	جەمئىيەت	ئېغىر
1	جەمئىيەت	ئەركىن
1	جەمئىيەت	ئەنئەنىۋى
1	جەمئىيەت	مەكتەپ
1	جەمئىيەت	مەلۇم
5	جەمئىيەت	پۈتۈن
1	جەمئىيەت	گۈزەل
1	جەنۇب	ئۇدۇل
2	خاتا	كۆپ
1	خاتالىق	كىچىككىنە
1	خاتالىق	چوڭ
3	خادىم	مەخسۇس
1	خانلىق	كۈچلۈك
1	خانلىق	مۇستەقىل
2	خانلىق	پۈتۈن
1	خانلىق	چوڭ
1	خاپا	قاتتىق
1	خوتۇن	كىچىك
12	خوجا	ئاپئاق
1	خوجا	مۇستەقىل
1	خوجا	چوڭ
1	خىزمەت	ئىجتىمائىي
1	خىزمەت	ئېغىر
1	خىزمەت	ئەستايىدىل
5	خىزمەت	ئەمەلىي
1	خىزمەت	بارلىق
2	خىزمەت	بۇرۇنقى
1	خىزمەت	تېگىشلىك
5	خىزمەت	دەرىجىلىك
1	خىزمەت	لايىق
2	خىزمەت	مۇۋاپىق
1	خىزمەت	مەلۇم
1	خىزمەت	يېڭى
4	خىزمەت	چوڭ
1	خىل	ئوخشاش
1	خىل	جانلىق
1	خىل	داۋاملىق
1	خىل	سىرلىق
1	خىل	قورقۇنچلۇق
84	خىل	كۆپ
1	خىل	كۈچلۈك
7	خىل	مەلۇم
1	خىل	يوق
1	خىيال	مەلۇم
1	خىيال	گۈزەل
1	خۇشاللىق	چوڭ
1	خېرىدار	داۋاملىق
2	خەت	داۋاملىق
1	خەت	كۆپ
6	خەلق	ئالىي
3	خەلق	ئوخشاش
1	خەلق	ئىزچىل
11	خەلق	ئۆلكىلىك
7	خەلق	ئۆلكىلىك,شەھەرلىك
1	خەلق	ئۇزاق
3	خەلق	داڭلىق
169	خەلق	دەرىجىلىك
51	خەلق	شەھەرلىك
1	خەلق	قېتىملىق
2	خەلق	كۆپ
5	خەلق	كەڭ
1	خەلق	مۇستەقىل
1	خەلق	مۇناسىۋەتلىك
4	خەلق	مەخسۇس
2	خەلق	يۇقىرى
2	خەلق	يېزىلىق
1	خەلق	يېزىلىق,يېزىلىق
11	خەلق	پۈتۈن
1	خەلقئارالىق	رەسمىي
1	خەلقئارالىق	قېتىملىق
1	خەلقئارالىق	مۇستەقىل
1	خەۋەر	بارلىق
1	خەۋەر	خۇش
1	خەۋەر	كۆپ
2	دادا	چوڭ
2	دالا	قېتىملىق
1	دالا	يېشىل
2	دانە	مۇۋاپىق
1	دوختۇر	داڭلىق
1	دورا	روھىي
1	دورا	زىيانلىق
1	دورا	زەھەرلىك
1	دوستلۇق	ئەرزىمەس
1	دوكلات	ئوخشاش
1	دوكلات	رەسمىي
1	دولقۇن	تىك
1	دولقۇن	چوڭ
2	دوپپا	كىچىك
1	دىققەت	كۆپ
1	دۆلەت	ئالىي
5	دۆلەت	بارلىق
1	دۆلەت	تولۇق
1	دۆلەت	تەبىئىي
1	دۆلەت	تەييار
10	دۆلەت	دەرىجىلىك
3	دۆلەت	رەسمىي
4	دۆلەت	شەھەرلىك
2	دۆلەت	كىچىك
1	دۆلەت	كۆرۈنەرلىك
1	دۆلەت	كۆپ
6	دۆلەت	كۈچلۈك
1	دۆلەت	مۇئاۋىن
5	دۆلەت	مۇستەقىل
3	دۆلەت	مۇناسىۋەتلىك
1	دۆلەت	يېشىل
2	دۆلەت	پۈتۈن
4	دۆلەت	چوڭ
1	دۇكان	كىچىك
1	دۇكان	چوڭ
5	دۇنيا	ئىجتىمائىي
1	دۇنيا	ئەزىز
8	دۇنيا	قېتىملىق
1	دۇنيا	مەخسۇس
2	دۇنيا	پۈتكۈل
30	دۇنيا	پۈتۈن
1	دۇنيا	گۈزەل
4	دېڭىز	قىزىل
1	دېڭىز	كۈچلۈك
2	دېڭىز	پايانسىز
1	دېڭىز	گۈزەل
1	دېگۈدەك	قۇرۇق
1	دەرد	پۈتۈن
1	دەرس	داۋاملىق
1	دەرس	رەسمىي
1	دەرس	مەكتەپ
1	دەرس	پۈتۈن
1	دەرىجە	ئېغىر
1	دەريا	سېرىق
1	دەريا	قىزىل
1	دەريا	قۇرۇق
1	دەريا	كىچىك
1	دەريا	يوق,قۇرۇق
8	دەريا	چوڭ
2	دەرۋازا	چوڭ
1	دەرەخ	قىزىل
2	دەرەخ	يېشىل
2	دەرەخ	چوڭ
1	دەسلەپكى	ئىپتىدائىي
1	دەسلەپكى	مەخسۇس
1	دەڭ	قىزىل
2	دەۋر	داڭلىق
2	رايون	ئاپتونوم
2	رايون	كۆپ
1	رايون	مۇئاۋىن
1	رايون	پۈتۈن
3	رول	بەلگىلىك
1	رول	كۆپ
2	رول	كۈچلۈك
2	رول	مۇتلەق
6	رول	مۇھىم
19	رول	چوڭ
1	روھ	ئىجادىي
1	روھ	قىممەتلىك
1	روھىيەت	پۈتۈن
1	رىۋايەت	كۈچلۈك
1	رىۋايەت	گۈزەل
1	رېئاللىق	ئىجتىمائىي
1	رېمونت	تولۇق
4	رېمونت	چوڭ
2	رەت	قاتتىق
1	رەت	پۈتۈن
2	رەخت	قىزىل
1	رەخت	يۇمشاق
1	رەسسام	داڭلىق
1	رەسسام	كىچىك
1	رەسسام	يوق
1	رەسمىيەت	باشقا
1	رەسىم	رەڭلىك
1	رەڭ	ئازراق,قىزىل
1	رەڭ	سۇس
7	رەڭ	قىزىل
2	رەڭ	يېشىل
1	رەڭ	يېشىل,قىزىل
1	رەڭگى	ئەسلىي
2	زال	ئازادە
2	زال	چوڭ
1	زامان	ئۇزاق
2	زامان	يېقىنقى
2	زور	قېتىملىق
1	زور	كىچىك
1	زىرائەت	تېگىشلىك
1	زىلزىلە	قاتتىق
2	زىلزىلە	كۈچلۈك
1	زىيارەت	ئۇزۇن
1	زىياپەت	چوڭ
1	زۇۋان	ئېنىق
1	زېمىن	مۇنبەت
1	زېمىن	پۈتۈن
1	زېھنىي	ئېغىر
1	زېھنىي	بارلىق
1	زەمبىرەك	مەخسۇس
3	سائەت	يېرىم
1	سادا	كۈچلۈك
1	ساراي	سىرلىق
1	ساراي	قىزىل
1	ساقال	ئۇزۇن
1	ساقاللىق	ئاپئاق
1	ساقچى	بارلىق
2	ساقچى	قوراللىق
1	سالماق	چوڭ
1	سان	بۇرۇنقى
2	سان	كىچىك
2	سان	مۇقەددەس
1	سان	پۈتۈن
2	سان	چوڭ
4	سانائەت	قېتىملىق
1	سانائەت	مۇستەقىل
3	سانائەت	مۇھىم
5	سانائەت	يېنىك
3	سانائەت	چوڭ
1	ساياھەت	تەبىئىي
5	ساياھەت	داڭلىق
1	ساياھەت	شەھەرلىك
1	ساھىل	يېشىل
1	ساۋات	تولۇق
1	سودا	ئوخشاش
2	سودا	ئىقتىسادىي
13	سودا	ئېلېكترونلۇق
3	سودا	دەرىجىلىك
1	سودا	مۇناسىۋەتلىك
4	سودا	مۇھىم
3	سودا	چوڭ
2	سودىگەر	چوڭ
1	سورۇن	رەڭلىك
1	سورۇن	مۇھىم
1	سورۇن	پۈتۈن
1	سوۋغا	قىممەتلىك
1	سوۋېت	ئورتاق
1	سوۋېت	ئېنىق,سابىق
39	سوۋېت	سابىق
1	سوۋېت	پۈتۈن
1	سوۋېت	پۈتۈن,سابىق
1	سىرت	مەكتەپ
2	سىم	توك
1	سىناق	ئېغىر
1	سىناق	چوڭ
1	سۆز	ئوخشاش
1	سۆز	قۇرۇق
1	سۆز	كۆپ,مەنىلىك
1	سۆز	مۇۋاپىق
5	سۆز	مەنىلىك
5	سۆز	يوق
3	سۆز	گۈزەل
10	سۇ	ئازراق
5	سۇ	ئىسسىق
1	سۇ	ئېغىر
1	سۇ	بوش
10	سۇ	سوغۇق
1	سۇ	سۈزۈك
1	سۇ	سېرىق
3	سۇ	قايناق
1	سۇ	قىزىل
1	سۇ	كۈچلۈك
1	سۇ	مۇكەممەل
2	سۇ	مۇۋاپىق
1	سۇ	نورمال
1	سۇ	يېپىشقاق
3	سۇ	چوڭ
2	سۈپەت	تېگىشلىك
1	سۈپەت	رەسمىي
1	سېغىز	قىزىل
1	سېپىل	كۈچلۈك
1	سەنئەت	ئەدەبىي
1	سەنئەت	بارلىق
1	سەنئەت	داۋاملىق
1	سەنئەت	سابىق,ئۆلكىلىك
2	سەنئەت	قابىلىيەتلىك
13	سەنئەت	گۈزەل
1	سەھنە	كۆپ
1	سەۋەب	تېگىشلىك,مۇۋاپىق
1	سەۋەب	مەلۇم
1	سەۋەب	نورمال
1	سەۋەنلىك	ئېغىر
1	شارائىت	ئىجتىمائىي
1	شارائىت	بەلگىلىك
1	شارائىت	تېگىشلىك
2	شارائىت	جاپالىق
2	شارائىت	مەلۇم
1	شارائىت	پايدىلىق
1	شام	قىزىل
1	شامال	پاكىز
1	شىركەت	ئېغىر
1	شىركەت	داڭلىق
1	شىركەت	رەسمىي
1	شىركەت	كىچىك
4	شىركەت	چوڭ
2	شىرە	قويۇق
1	شىرە	چوڭ
1	شىمال	شەرقىي
1	شېئىر	پۈتۈن
2	شەرت	ئوخشاش
1	شەرت	قاتتىق
1	شەرت	مۇئەييەن
2	شەرت	مۇۋاپىق
2	شەكىل	ئەدەبىي
1	شەكىل	خاس
1	شەيئى	مۇتلەق
1	شەيئى	مۇقەددەس
1	شەھەر	تېگىشلىك
1	شەھەر	داڭلىق
1	شەھەر	دەرىجىلىك
2	شەھەر	شەھەرلىك
2	شەھەر	كىچىك
1	شەھەر	كۆپ
1	شەھەر	كۈچلۈك
5	شەھەر	مۇئاۋىن
1	شەھەر	مۇستەقىل
2	شەھەر	مۇھىم
1	شەھەر	مەلۇم
1	شەھەر	يوق
1	شەھەر	پاكىز
2	شەھەر	پۈتۈن
5	شەھەر	چوڭ
1	غايە	مۇھىم
1	غايە	گۈزەل
1	غۇلجا	مەكتەپ
2	غۇلغۇلا	قاتتىق
1	غۇلغۇلا	كۈچلۈك
1	غۇلغۇلا	چوڭ
1	غەربىي	شىمالىي
1	غەربىي	قويۇق
1	غەربىي	كۈچلۈك
2	غەربىي	پۈتۈن
1	غەم	كۆپ
1	غەيرىي	قۇرۇق
1	فىزىكا	تولۇق
2	فىزىكا	داڭلىق
1	فىزىكا	دەرىجىلىك
1	فىزىكا	مەشھۇر
1	فىلىم	بەدىئىي
1	فىلىم	مۇستەقىل
2	فىلىم	مەخسۇس
1	قائىدە	مۇۋاپىق
1	قابىلىيەت	خاس
1	قابىلىيەت	سىرلىق
2	قابىلىيەت	مەخسۇس
1	قاتار	جاپالىق
1	قاتلام	ئىجتىمائىي
1	قاتلام	مۇستەقىل,ئىجتىمائىي
1	قاتلام	مۇناسىۋەتلىك
1	قاتناش	ئېغىر
1	قاتناش	بارلىق
1	قاتناش	بۇرۇنقى
1	قاتناش	توك
1	قاتناش	تېگىشلىك
2	قاتناش	رەسمىي
1	قاتناش	مۇھىم
1	قارار	رەسمىي
3	قارار	مۇستەقىل
1	قارار	مۇناسىۋەتلىك
1	قارشى	ئوچۇق
1	قارشى	قاتتىق
1	قارشى	قوراللىق
1	قارشى	قەتئىي
1	قارشى	مۇستەقىل
1	قارشى	يۇقۇملۇق
1	قارشى	پۈتۈن
3	قارشى	چوڭ
1	قارىماي	چوڭ
1	قاش	سېرىق
2	قان	ئىسسىق
7	قان	قىزىل
1	قان	كىچىك
1	قان	كۆپ
1	قان	چوڭ
1	قانات	ئۇزۇن
1	قانۇنىيەت	مەلۇم
2	قايغۇ	كۆپ
1	قوبۇل	كۆپ
1	قورچاق	چىرايلىق
1	قوش	پاك
2	قوشاقچى	داڭلىق
2	قوشۇمچە	جانلىق
1	قوشۇمچە	مەكتەپ
1	قوغۇن	قۇرۇق
1	قول	تولۇق
2	قول	قاتتىق
4	قول	قۇرۇق
1	قول	كىچىك
2	قوناق	سېرىق
1	قوناق	يۇمشاق
1	قوي	قىزىل
4	قوي	پۈتۈن
1	قىرغىزىستان	سابىق
1	قىرغىزىستان	شىمالىي
1	قىرغىزىستان	پۈتۈن
1	قىز	سادىق
1	قىز	شەھەرلىك
3	قىز	كىچىك
2	قىز	چوڭ
4	قىز	چىرايلىق
4	قىز	گۈزەل
1	قىزغۇچ	سۇس
1	قىزغۇچ	سېرىق
2	قىسقا	ئۇزۇن
1	قىسىم	ئاز
1	قىسىم	خاس
1	قىسىم	قوراللىق
28	قىسىم	كۆپ
2	قىسىم	مۇتلەق,كۆپ
1	قىسىم	مۇۋاپىق
2	قىيىنچىلىق	ئىقتىسادىي
1	قىيىنچىلىق	چوڭ
1	قۇت	گۈزەل
4	قۇتقۇزۇش	ئىجتىمائىي
1	قۇتقۇزۇش	جىددىي
1	قۇدرەت	داۋاملىق
1	قۇربان	كۆپ
1	قۇرغاق	ئىسسىق
1	قۇرۇقلۇق	قۇرغاق,چوڭ
1	قۇرۇقلۇق	پۈتۈن
6	قۇرۇقلۇق	چوڭ
2	قۇرۇلما	ئىجتىمائىي
1	قۇرۇلما	ئىقتىسادىي
1	قۇرۇلما	ئېلېكترونلۇق
1	قۇرۇلما	مۇۋاپىق
1	قۇرۇلما	يېڭى
1	قۇرۇلۇش	ئىقتىسادىي
1	قۇرۇلۇش	كۆپ
1	قۇرۇلۇش	پۈتكۈل
2	قۇرۇلۇش	پۈتۈن
1	قۇرۇلۇش	چوڭ
1	قۇش	كىچىك
1	قۇشقاچ	سېرىق
1	قۇلاق	ئازراق
1	قۇم	دەرىجىلىك
1	قۇم	يۇمشاق
1	قۇملۇق	قېتىملىق
1	قۇملۇق	پايانسىز
2	قۇملۇق	چوڭ
1	قۇياش	كۈچلۈك
1	قېرىن	ئازراق
1	قېرىنداش	بۇرۇنقى
1	قېيىن	كۆپ
1	قەدىم	بۇرۇنقى
1	قەدەم	ئوڭۇشلۇق
1	قەدەم	رەسمىي
1	قەدەم	ماس
1	قەدەم	مۇھىم
2	قەدەم	پۇختا
1	قەلەم	رەڭدار
1	قەلەم	يوق
1	قەنت	كۆركەم
1	قەيسەر	مېھماندوست
1	قەيسەر	ياراملىق
1	قەھرىمان	چوڭ
1	قەۋەت	كۆپ
1	كارتون	بۇرۇنقى
1	كارخانا	ئېنىق
10	كارخانا	كىچىك
1	كارخانا	كۈچلۈك
1	كارخانا	مۇناسىۋەتلىك
1	كارۋان	چوڭ
2	كالا	پۈتۈن
1	كومپيۇتېر	ئىزچىل
1	كومپيۇتېر	چوڭ
1	كومېدىيە	داڭلىق
1	كونترول	ماتېماتىكىلىق
1	كونترول	مۇتلەق
2	كونترول	مۇۋاپىق
1	كونترول	پۇختا
1	كوچا	دەھشەتلىك
1	كوچا	يوللۇق
1	كوچا	چوڭ
1	كىتاب	بارلىق
1	كىتاب	داڭلىق
3	كىتاب	رەسمىي
1	كىتاب	زەھەرلىك
1	كىتاب	كىچىك
2	كىتاب	كۆپ
4	كىتاب	مۇقەددەس
2	كىتاب	مەخسۇس
1	كىتاب	پۈتۈن
1	كىرىم	ئازراق
1	كىرىم	ئىقتىسادىي
1	كىرىم	ئەمەلىي
1	كىرىم	بارلىق
1	كىشى	ئىشەنچلىك
2	كىشى	بۇرۇنقى
1	كىشى	راستچىل
2	كىشى	سەمىمىي
2	كىشى	كۆپ
1	كىشى	كۈچلۈك
1	كىشى	مەلۇم
1	كىشى	يوق
1	كىشى	يېڭى
1	كىشىلىك	كۈچلۈك
1	كىشىگە	داڭلىق
2	كىشىگە	مەلۇم
1	كىيىم	مۇھىم
1	كۆرگەزمە	ئوچۇق
1	كۆز	ئىللىق
1	كۆز	ئېنىق
1	كۆز	خاتىرجەم
1	كۆز	داۋاملىق
1	كۆز	نېپىز
1	كۆكتات	مۇھىم
4	كۆل	ئىسسىق
1	كۆل	كىچىك
1	كۆل	چوڭ
2	كۆمۈر	يوق
1	كۆڭۈل	ئىزچىل
1	كۆڭۈل	ئېنىق
1	كۆڭۈل	ئەستايىدىل
3	كۆڭۈل	ساددا
1	كۆڭۈل	سەمىمىي
2	كۆڭۈل	مەدەنىي
2	كۆڭۈل	چوڭ
1	كۆڭۈل	گۈزەل
1	كۆۋرۈك	چوڭ
15	كۇرس	تولۇق
1	كۇلۇب	پۈتۈن
1	كۈلكە	پاجىئەلىك
2	كۈن	بوش
1	كۈن	ساق
7	كۈن	پۈتۈن
2	كۈن	چىرايلىق
1	كۈنلۈك	تولۇق
3	كۈنلۈك	پۈتۈن
1	كۈي	مۇڭلۇق
1	كۈچ	ئىجتىمائىي
1	كۈچ	ئىقتىسادىي
1	كۈچ	روھىي
1	كۈچ	قوراللىق
6	كۈچ	كۆپ
1	كۈچ	كۈچلۈك,روھىي
1	كۈچ	پاك
1	كۈچ	پۈتۈن
2	كېسەل	ئۇشتۇمتۇت
6	كېسەل	روھىي
8	كېسەل	يۇقۇملۇق
3	كېسەللىك	يۇقۇملۇق
2	كەشپىياتچى	داڭلىق
1	كەلگۈسى	يورۇق
1	كەنت	ئىپتىدائىي
1	لاتا	قىزىل
3	لاتا	قۇرۇق
1	لىق	مۇستەقىل
1	لىق	مەخسۇس
1	لەززەت	بەدىئىي
1	ماتېرىيال	ساختا
2	ماتېرىيال	كۆپ
59	ماتېرىيال	يۇمشاق
1	ماتېماتىكا	چوڭ
1	ماددا	يېڭى
1	ماددا	چوڭ
1	ماددىي	ئىشەنچلىك
1	ماددىي	جىددىي
1	ماددىي	پۈتۈن
1	مازار	كۆركەم
3	مازار	ھەيۋەتلىك
2	ماشىنا	كىچىك
1	ماشىنا	مۇناسىۋەتلىك
1	ماقالە	ئوڭۇشلۇق
1	ماقالە	مۇناسىۋەتلىك
1	ماقالە	مۇنەۋۋەر
1	ماقالە	مۇھىم
1	ماكان	مۇتلەق
1	مال	ئەتىۋارلىق
2	مال	بارلىق
3	مال	پۈتۈن
2	ماي	سېرىق
1	ماي	چوڭ
2	مايمۇن	ئىپتىدائىي
3	ماھارەت	بەدىئىي
1	ماھارەت	بەلگىلىك
1	مودا	داڭلىق
1	مىجەز	غەلىتە
1	مىراس	ئەدەبىي
1	مىراس	قىممەتلىك,مەدەنىي
1	مىراس	مەدەنىي
1	مىس	كىچىك
2	مىللەت	ئىجتىمائىي
1	مىللەت	تەدرىجىي
1	مىللەت	ساغلام
1	مىللەت	كىچىك
6	مىللەت	كۆپ
1	مىللەت	كۈچلۈك
1	مىللەت	مۇستەقىل
1	مىللەت	مۇكەممەل
1	مىللەت	مېھماندوست
1	مىللەت	مەدەنىي
3	مىللەت	مەدەنىيەتلىك
1	مىللەت	مەلۇم
2	مىللەت	يوق
5	مىللەت	پۈتۈن
1	مىنېرال	مول
1	مۇئامىلە	ئەستايىدىل
1	مۇئامىلە	سوغۇق
1	مۇئامىلە	سەمىمىي
1	مۇئامىلە	سەمىمىي,ئىللىق
1	مۇئامىلە	مەسخىرىلىك
1	مۇئامىلە	نورمال
1	مۇئەللىم	رەسمىي
1	مۇئەللىم	مەخسۇس
17	مۇددەت	ئۇزاق
8	مۇددەت	ئۇزۇن
1	مۇددەت	بەلگىلىك
5	مۇددەت	مەلۇم
1	مۇدىر	مۇئاۋىن
1	مۇراسىم	بارلىق
1	مۇراسىم	رەسمىي
1	مۇراسىم	كىچىك
1	مۇراسىم	كۆركەم
1	مۇز	شىمالىي
1	مۇز	ھەيۋەتلىك
1	مۇزىكا	بەدىئىي
2	مۇزىكا	داڭلىق
1	مۇزىكا	يېقىملىق
1	مۇقىم	توك
3	مۇكاپات	تولۇق
2	مۇكاپات	دەرىجىلىك
1	مۇكاپات	قېتىملىق
1	مۇلازىمەت	ئۈنۈملۈك
2	مۇنار	كىچىك
1	مۇنار	ھەيۋەتلىك
2	مۇناسىۋەت	ئىجتىمائىي
1	مۇناسىۋەت	ئىنسانىي
1	مۇناسىۋەت	سىرلىق
2	مۇناسىۋەت	قويۇق
1	مۇناسىۋەت	قويۇق,ئىجتىمائىي
1	مۇھاكىمە	قېتىملىق
1	مۇھاكىمە	مەخسۇس
2	مۇھىت	ئىجتىمائىي
1	مۇھىت	قۇرغاق
2	مۇھىت	پايدىلىق
4	مۇھىت	گۈزەل
1	مۇھەببەت	سەمىمىي
1	مۇھەببەت	مۇقەددەس
2	مۇھەببەت	يوق
1	مۇھەببەت	پاجىئەلىك
2	مۇۋەپپەقىيەت	ئورتاق
1	مېتال	ئېغىر
2	مېتال	رەڭلىك
1	مېڭە	سول
1	مېھمان	چوڭ
1	مېھمان	چىرايلىق
1	مېۋە	قۇرۇق
1	مەبلەغ	قىممەتلىك
3	مەبلەغ	كۆپ
4	مەبلەغ	مەخسۇس
1	مەخلۇقات	پۈتكۈل
1	مەخمەل	يېشىل
1	مەدرىسە	پۈتۈن
1	مەدەت	داۋاملىق
1	مەدەت	كۈچلۈك
1	مەدەنىيەت	ئورتاق
4	مەدەنىيەت	ئىقتىسادىي
1	مەدەنىيەت	ئىپتىدائىي
1	مەدەنىيەت	ئۆلكىلىك
1	مەدەنىيەت	بارلىق
2	مەدەنىيەت	بۇرۇنقى
1	مەدەنىيەت	بەلگىلىك
5	مەدەنىيەت	دەرىجىلىك
1	مەدەنىيەت	شانلىق
2	مەدەنىيەت	شەھەرلىك
5	مەدەنىيەت	قىممەتلىك
1	مەدەنىيەت	كۆپ
1	مەدەنىيەت	مول
1	مەدەنىيەت	مۇنەۋۋەر
1	مەدەنىيەت	مۇھىم
1	مەدەنىيەت	مەكتەپ
2	مەدەنىيەت	پارلاق
1	مەدەنىيەت	پۈتكۈل
1	مەركەز	ئىقتىسادىي
1	مەرمەر	سارغۇچ,رەڭلىك
1	مەزمۇن	كۆپ
1	مەزمۇن	مۇھىم
1	مەزمۇن	مەخسۇس
1	مەزمۇن	چوڭ
5	مەزگىل	ئۇزاق
4	مەسئۇل	دەرىجىلىك
2	مەسئۇل	مۇناسىۋەتلىك
2	مەسئۇلىيەت	ئاتىلىق
1	مەسئۇلىيەت	ئىجتىمائىي
1	مەسئۇلىيەت	ئېغىر
2	مەسئۇلىيەت	كۈچلۈك
1	مەسئۇلىيەت	مۇھىم
1	مەسلىھەت	رەسمىي
1	مەسلىھەت	سەمىمىي
1	مەسلىھەت	كېرەكلىك
1	مەسلىھەت	مۇناسىۋەتلىك
4	مەسىلە	ئېغىر
3	مەسىلە	تېگىشلىك
3	مەسىلە	مۇھىم
2	مەسىلە	چوڭ
1	مەشىق	ئۇزاق
1	مەقسەت	ئورتاق
2	مەقسەت	ئېنىق
1	مەقسەت	بارلىق
4	مەكتەپ	ئالىي
1	مەكتەپ	بەلگىلىك
1	مەكتەپ	دەرىجىلىك
1	مەكتەپ	قېتىملىق
1	مەكتەپ	پۈتۈن
3	مەنزىرە	تەبىئىي
1	مەنزىرە	دەرىجىلىك
2	مەنزىرە	چوڭ
3	مەنزىرە	گۈزەل
1	مەنسەپ	كىچىك
1	مەيدان	كىچىك
1	مەيدان	مۇۋاپىق
3	مەھسۇلات	داڭلىق
1	مەھسۇلات	لايىق
1	مەھسۇلات	مۇناسىۋەتلىك
1	مەھەللە	كۆپ
2	مەھەللە	پۈتۈن
2	مەھەللە	چوڭ
1	مەۋجۇدات	پۈتۈن
2	ناخشا	داڭلىق
1	ناخشا	مۇڭلۇق
2	ناخشا	مەخسۇس
2	نازارەت	داۋاملىق
1	نازارەت	مۇستەقىل
1	نام	ئورتاق
1	نام	خاس
1	نام	رەسمىي
1	نام	شەرەپلىك
1	نام	مەخسۇس
2	نام	چىرايلىق
1	نامرات	كىچىك
1	نامرات	چوڭ
1	نان	قۇرۇق
1	نان	چوڭ
2	ناھىيە	رەسمىي
1	ناھىيە	كۈچلۈك
1	ناھىيە	پۈتۈن
1	نوپۇز	چوڭ
1	نوپۇس	قېتىملىق
1	نوپۇس	مۇۋاپىق
1	نىشان	ئېنىق
2	نىشان	چوڭ
3	نۇر	رەڭلىك
5	نۇر	قىزىل
1	نۇر	مۇقەددەس
1	نۇر	پارلاق
1	نۇرغۇن	تېگىشلىك
1	نۇرغۇن	كىچىك
2	نۇرغۇن	مۇناسىۋەتلىك
1	نۇرغۇن	چوڭ,كىچىك
1	نۇسخا	تولۇق
1	نۇسخا	پۈتۈن
3	نۇقتا	تېگىشلىك
2	نۇقتا	مۇھىم
1	نۇقتا	مەلۇم
1	نەتىجە	ئورتاق
1	نەتىجە	ئەمەلىي
1	نەتىجە	تەبىئىي
8	نەتىجە	كۆرۈنەرلىك
1	نەتىجە	مۇقەررەر
1	نەتىجە	پارلاق
2	نەتىجە	چوڭ
1	نەرسە	ئېنىق
2	نەرسە	تېگىشلىك
1	نەرسە	قورقۇنچلۇق
1	نەرسە	قىممەتلىك
1	نەرسە	قۇرۇق
1	نەرسە	كىچىككىنە
2	نەرسە	كۆپ
1	نەرسە	كۈچلۈك
1	نەرسە	مۇناسىۋەتلىك
1	نەرسە	مەلۇم
1	نەرسە	ناتونۇش
1	نەرسە	پايدىلىق
1	نەزەر	ئەستايىدىل
2	نەزەرىيە	داڭلىق
1	نەزەرىيە	سىرلىق
1	يادىكار	قىممەتلىك
4	يادىكارلىق	مەدەنىي
1	يار	تىك
1	يار	گۈزەل
2	ياردەم	ئىقتىسادىي
1	ياردەم	داۋاملىق
1	ياردەم	سەمىمىي
1	ياردەم	مۇھىم
1	ياردەم	چوڭ
1	ياردەمچى	مۇستەقىل
1	ياز	ساق
1	يازغۇچى	داڭلىق
1	يازغۇچى	دەرىجىلىك
1	ياش	ئىجتىھاتلىق
1	ياش	قابىل
1	ياش	مۇنەۋۋەر
1	ياش	ھەسرەتلىك
2	ياشلىق	كىچىك
1	ياغاچ	رەتلىك
1	ياغاچ	كىچىك
1	ياغاچ	كىچىككىنە
1	ياغاچ	چوڭ
1	ياغلىق	ئۇششاق
1	ياقا	يوق
2	يالغان	يوق
1	يالىڭاچ	يېرىم
1	يانار	ۋەھشىي
1	يايلاق	پايانسىز
1	يول	ئىجادىي
1	يول	ئۇزاق
3	يول	بارلىق
1	يول	توغرا
1	يول	تولۇق
1	يول	داۋاملىق
1	يول	دەرىجىلىك
2	يول	روھىي
1	يول	شەرقىي
1	يول	كۆپ
1	يول	مۇھىم
1	يول	مۇۋاپىق
1	يول	مەخسۇس
1	يول	مەلۇم
2	يول	يوق
2	يول	چوڭ
1	يىغىن	قېتىملىق
1	يىغىن	مەخسۇس
1	يىغىن	پۈتۈن
1	يىغىن	چوڭ
5	يىل	ئۇزۇن
1	يىل	بۇرۇنقى
2	يىل	تولۇق
1	يىل	رەھمەتلىك
1	يىل	شانلىق
1	يىل	كۆپ
1	يىل	مۇتلەق
2	يىل	يېرىم
1	يىلتىز	كىچىككىنە
1	يىلتىز	كۈچلۈك
1	يىللىق	ئۇزۇن
5	يىللىق	كۆپ
1	يىللىق	يېقىنقى
1	يىللىق	يېڭى
1	يىللىق	پۈتۈن
1	يىپەك	يۇمشاق
1	يىگىت	يورۇق
1	يۇرت	گۈزەل
1	يۇلتۇز	قىزىل
1	يۇلتۇز	يورۇق
1	يۇلتۇز	گۈزەل
1	يۇڭ	رەڭلىك
1	يۇڭ	قىزىل
1	يۈك	ئېغىر
1	يۈك	ئېغىر,ئىقتىسادىي
1	يېرىم	شىمالىي
1	يېرىم	مۇناسىۋەتلىك
1	يېرىم	يېقىملىق
1	يېرىم	چوڭ
1	يېزا	مۇئاۋىن
2	يېزا	چوڭ
1	يەر	ئوچۇق
1	يەر	ئىسسىق
1	يەر	ئېنىق
1	يەر	داڭلىق,پۈتۈن
1	يەر	غول
1	يەر	قاتتىق
1	يەر	قۇرۇق
1	يەر	ماس
2	يەر	مۇقەددەس
2	يەر	مۇنبەت
4	يەر	يوق
8	يەر	پۈتۈن
1	يەرلىك	قويۇق
1	يەكۈن	مەلۇم
1	پائالىيەت	ئىجتىمائىي
2	پائالىيەت	دەرىجىلىك
1	پائالىيەت	قېتىملىق
1	پائالىيەت	مۇستەقىل
1	پادىشاھ	چوڭ
1	پاكىت	ئېنىق
1	پاكىت	مەلۇم
1	پاي	تېگىشلىك
1	پاي	قېتىملىق
1	پايتەخت	قىزىل
1	پايدا	كۆپ
2	پروگرامما	مەخسۇس
1	پوزىتسىيە	ۋەھشىي
1	پىكىر	ئەستايىدىل
1	پىياز	ئازراق
1	پىياز	ئۇششاق
2	پىياز	مۇۋاپىق
1	پىچاق	زەھەرلىك
1	پۇرسەت	يېڭى
3	پۇرچاق	سېرىق
1	پۇرچاق	قۇرۇق
1	پۇل	ئۇنچىلىك
1	پۇل	بارلىق
1	پۇل	بەلگىلىك
1	پۇل	قىزىل
1	پۇل	قۇرۇق
1	پۇل	كۆپ
5	پۇل	مۇناسىۋەتلىك
1	پۇل	يوق
1	پۇل	چوڭ
1	پېئىل	سەمىمىي,كىچىك
3	پېئىل	كىچىك
1	پەرق	ئېنىق
1	پەرق	كىچىك
5	پەرق	چوڭ
1	پەزىلەت	ئىجتىمائىي
1	پەزىلەت	خاس
1	پەن	ئورتاق
10	پەن	ئىجتىمائىي
5	پەن	تەبىئىي
1	پەن	كىچىك
1	پەن	كۆپ
1	پەن	مۇستەقىل
1	پەن	مۇھىم
1	پەن	چوڭ
1	چارۋىچىلىق	چوڭ
3	چارە	بارلىق
1	چارە	جىددىي
1	چارە	قاتتىق
1	چالا	بۇرۇنقى
4	چاي	قىزىل
1	چاچ	سۈزۈك,قىزىل
1	چاۋاك	قاتتىق
1	چوكا	قىزىل
1	چوڭقۇر	ئىجتىمائىي
1	چوڭقۇر	كۆرۈنمەس
1	چوڭقۇر	مول
1	چوڭقۇر	پۇختا
1	چىراغ	سېرىق
1	چىركاۋ	شەھەرلىك
1	چىركاۋ	چوڭ
1	چىش	شەھەرلىك
1	چىش	قېتىملىق
1	چىشى	ئۇزۇن
1	چىن	ئۇشتۇمتۇت
1	چىن	قىزىل
1	چىن	مۇتلەق
1	چىنە	يېشىل,رەڭلىك
2	چىنە	چوڭ
1	چۆل	چوڭ
1	چۆللۈك	چوڭ
1	چۆچەك	داڭلىق
4	چېنىقىش	روھىي
1	چېچەك	چىرايلىق
1	چەت	مەلۇم
1	چەت	پۈتۈن
1	ژۇرنال	دەرىجىلىك
1	گاز	تەبىئىي
1	گاز	زەھەرلىك
1	گاز	مۇناسىۋەتلىك
1	گىياھ	كىچىك
1	گۆش	ئازراق
1	گۆش	ئورۇق
5	گۆش	مۇۋاپىق
2	گۆش	چوڭ
1	گۈل	ئۇزۇن
1	گۈل	مۇكەممەل
1	گۈل	پۈتۈن
1	گۈل	چىرايلىق
1	گۈلخان	چوڭ
1	گېزىت	دەرىجىلىك
1	گېزىت	مەخسۇس
1	گەپ	سىلىق,قۇرۇق
1	گەپ	قۇرۇق
1	گەۋدە	ئورتاق
1	گەۋدە	ئىقتىسادىي
1	گەۋدە	مۇستەقىل
2	گەۋدە	پۈتۈن
1	ھاجىپ	خاس
1	ھاجەت	مەلۇم
1	ھارۋا	توك
1	ھال	سەمىمىي
1	ھال	كۆپ
2	ھال	يېشىل
1	ھال	گۈزەل
1	ھالال	كۆپ
6	ھالەت	روھىي
1	ھالەت	كۈچلۈك
1	ھايات	ئىجتىمائىي
2	ھايات	ئېچىنىشلىق
1	ھايات	جاپالىق
2	ھايات	خاتىرجەم
2	ھايات	مۇستەقىل
1	ھايات	مەلۇم
1	ھايات	نورمال
1	ھايات	يېڭى
1	ھايات	پۈتۈن
2	ھايات	گۈزەل
1	ھاياتلىق	تالاي
1	ھاياجان	داۋاملىق
1	ھاياجان	كۈچلۈك
1	ھايۋان	ۋەھشىي
1	ھايۋانات	ئەتىۋارلىق
1	ھايۋانات	ئەرزىمەس
1	ھايۋانات	كىچىك
2	ھاۋا	ئىسسىق
1	ھاۋا	مۇزلۇق
1	ھاۋا	پۈتۈن
1	ھوقۇق	بارلىق
1	ھوقۇق	بارلىق,ئىنسانىي
2	ھۆرمەت	ئىنسانىي
1	ھۆرمەت	مۇقەددەس
3	ھۆكۈم	ئېنىق
5	ھۆكۈم	ئەسلىي
3	ھۆكۈم	بۇرۇنقى
1	ھۆكۈم	تەييار
1	ھۆكۈم	كۈچلۈك
1	ھۆكۈم	مۇستەقىل
2	ھۆكۈمەت	ئۆلكىلىك
1	ھۆكۈمەت	ئېلېكترونلۇق
1	ھۆكۈمەت	بارلىق
3	ھۆكۈمەت	شەھەرلىك
1	ھۆكۈمەت	مۇناسىۋەتلىك
1	ھۆكۈمەت	يېزىلىق
1	ھۆكۈمەت	چوڭ
1	ھېس	پايدىلىق
1	ھېساب	مۇستەقىل
1	ھېسابات	كېرەكلىك
9	ھېسابات	مۇستەقىل
1	ھېسابات	مۇناسىۋەتلىك
1	ھېسسىيات	ساغلام
1	ھېسسىيات	مەلۇم
1	ھېكايە	رەسمىي
1	ھېكايە	رەڭلىك
1	ھېكايە	يېشىل
1	ھېكايە	پۈتكۈل
1	ھېكايە	چوڭ
1	ھېيت	خاتىرجەم
1	ھېيت	قېتىملىق
1	ھەربىي	ئالىي
2	ھەربىي	ئىقتىسادىي
1	ھەربىي	جاپالىق
1	ھەربىي	داڭلىق
2	ھەربىي	دەرىجىلىك
1	ھەربىي	كۆپ
1	ھەربىي	كۈچلۈك
1	ھەربىي	مۇھىم
2	ھەربىي	چوڭ
1	ھەركەت	ئىقتىسادىي
3	ھەرىكەت	ئىجتىمائىي
2	ھەرىكەت	جىددىي
1	ھەرىكەت	قوراللىق
1	ھەرىكەت	كىچىككىنە
1	ھەرىكەت	مۇتلەق
1	ھەرىكەت	مۇقەددەس
2	ھەرىكەت	مۇۋاپىق
1	ھەرىكەت	نازۇك
2	ھەرىكەت	يوق
1	ھەسسە	بەلگىلىك
1	ھەسسە	تېگىشلىك
1	ھەسسە	كۆرۈنەرلىك
1	ھەسسە	كۆپ
1	ھەسەل	مۇھىم
1	ھەق	ئوخشاش
1	ھەق	بارلىق
1	ھەق	تولۇق
3	ھەق	تېگىشلىك
4	ھەق	مۇۋاپىق
2	ھەق	يوق
1	ھەقىقىي	تولۇق
1	ھەقىقەت	ئىجتىمائىي
1	ھەيۋەت	كۆركەم
1	ھەپتە	ساق
1	ۋاقت	ئېنىق
1	ۋاقىت	ئازراق
6	ۋاقىت	ئۇزاق
3	ۋاقىت	ئۇزۇن
2	ۋاقىت	ئېنىق
1	ۋاقىت	بوش
1	ۋاقىت	تېگىشلىك
2	ۋاقىت	داۋاملىق
2	ۋاقىت	قانچىلىك
6	ۋاقىت	كىچىك
5	ۋاقىت	كۆپ
1	ۋاقىت	مۇۋاپىق,ئۇزاق
4	ۋاقىت	مەخسۇس
2	ۋاقىت	مەلۇم
2	ۋاقىت	پۈتۈن
1	ۋىلايەت	پۈتۈن
1	ۋۇجۇد	پۈتۈن
1	ۋەدە	قۇرۇق
1	ۋەزىر	مۇئاۋىن
1	ۋەزىن	ماس
1	ۋەزىيەت	جىددىي
1	ۋەزىيەت	خاتىرجەم
1	ۋەزىپە	ئېغىر
4	ۋەزىپە	جىددىي
4	ۋەزىپە	داۋاملىق
1	ۋەزىپە	مۈشكۈل
1	ۋەزىپە	مەلۇم
1	ۋەقە	پۈتۈن
2	ۋەقە	چوڭ
